{"Frequencies":{"0":0,"1":50000,"2":100000,"3":150000,"4":200000,"5":250000},"onelab, 9, 5e-05, 0.7":{"0":0.0920205821,"1":0.2188813139,"2":0.7366737797,"3":1.5977858725,"4":2.8007998075,"5":4.3443946648},"onelab, 9, 5e-05, 0.6":{"0":0.0877510305,"1":0.1510872773,"2":0.4722228773,"3":1.0062494469,"4":1.7523015062,"5":2.7096318716},"onelab, 9, 5e-05, 0.5":{"0":0.0896321863,"1":0.1381967874,"2":0.4179221916,"3":0.8830832931,"4":1.5329562383,"5":2.3669622085},"onelab, 9, 5e-05, 0.4":{"0":0.0921658856,"1":0.1251988207,"2":0.3621934671,"3":0.7562861204,"4":1.3068768602,"5":2.0135151911}}