{"Frequencies":{"0":0,"1":50000,"2":100000,"3":150000,"4":200000,"5":250000},"femm, 9, 5e-05, 0.7":{"0":0.0460842843,"1":0.2200303209,"2":0.7415928333,"3":1.6099462001,"4":2.8237182795,"5":4.3809962176},"femm, 9, 5e-05, 0.6":{"0":0.0439380103,"1":0.1518089865,"2":0.4752584901,"3":1.013796904,"4":1.7666103874,"5":2.7325641408},"femm, 9, 5e-05, 0.5":{"0":0.0448671862,"1":0.1387521974,"2":0.4202749019,"3":0.889038806,"4":1.5443847269,"5":2.3853932402},"femm, 9, 5e-05, 0.4":{"0":0.0461259433,"1":0.1256210949,"2":0.3640001383,"3":0.7609442094,"4":1.3159231001,"5":2.0281970978}}