{
  "Losses": {
    "Core_Eddy_Current": 13.79420304367341,
    "Winding_1": {
      "Turns": [
        0.2794057824268275,
        1.096102668916707,
        2.986454966646808,
        6.56890822498226,
        13.30448524073738,
        36.88226225141774,
        31.41461458898348,
        11.60153039622138,
        5.50790294487374,
        2.345185069028948,
        0.768419561278277,
        0.1352101025938774,
        0.1857194414622379,
        0.2659726562064214,
        0.4094325697968235,
        0.5536301989841265,
        0.6435065394230075,
        0.6719944166693121,
        0.6164391736803464,
        0.5115522050688621,
        0.4064296613713891,
        0.287782246821475,
        0.1800354062736077,
        0.1079497300438498,
        0.05732688642868369,
        0.1016149528553996,
        0.1727570427487289,
        0.2176817658766849,
        0.2051558250304387,
        0.1591191295100796,
        0.1317034752101676,
        0.1342361456678399,
        0.1325873805348052,
        0.1013535065566092,
        0.05865055481609258,
        0.03303375141406192
      ],
      "total_winding": 119.2361464605583
    },
    "Winding_2": {
      "Turns": [
        0.09435870833607878,
        0.107888321740306,
        0.1365830500117224,
        0.1982233684880026,
        0.3291078310940485,
        0.5220559497123332,
        0.487979667920956,
        0.2831429161788274,
        0.1744535510048658,
        0.123976185481279,
        0.0999215379401691
      ],
      "total_winding": 2.55769108790859
    },
    "all_windings": 121.7938375484669
  }
}