{
  "Losses": {
    "Core_Eddy_Current": 13.79420303369029,
    "Winding_1": {
      "Turns": [
        0.2794058453394755,
        1.096102741610429,
        2.986455023764174,
        6.56890818591105,
        13.30448501353892,
        36.88226180912748,
        31.41461435414617,
        11.60153024548126,
        5.507902874312077,
        2.345185068650963,
        0.7684195747887623,
        0.1352101182388403,
        0.185719322115771,
        0.2659725385881504,
        0.4094324285224899,
        0.5536300700776405,
        0.6435064867152687,
        0.6719944686248052,
        0.6164392590840085,
        0.5115522366432547,
        0.4064296360489559,
        0.2877822128881549,
        0.1800353886410874,
        0.1079496663143955,
        0.05732685423614103,
        0.1016149064506212,
        0.172756976965789,
        0.2176816996277993,
        0.2051557876327546,
        0.1591191336141629,
        0.1317034980331747,
        0.1342361571302536,
        0.1325873755215945,
        0.1013534977659113,
        0.05865054578786457,
        0.03303373199214073
      ],
      "total_winding": 119.2361447339308
    },
    "Winding_2": {
      "Turns": [
        0.0943633203671463,
        0.1078945986642391,
        0.136592858726513,
        0.1982407660150357,
        0.3291413465868255,
        0.5221132235327702,
        0.4880327436276067,
        0.2831707682419384,
        0.1744680204276227,
        0.1239844418505237,
        0.09992683699581223
      ],
      "total_winding": 2.557928925036029
    },
    "all_windings": 121.79407365896682
  }
}